{
  "project_info": {
    "project_number": "885486603032",
    "firebase_url": "https://maxysinventory.firebaseio.com",
    "project_id": "maxysinventory",
    "storage_bucket": "maxysinventory.appspot.com"
  },
  "client": [
    {
      "client_info": {
        "mobilesdk_app_id": "1:885486603032:android:8909ee26df2d684f",
        "android_client_info": {
          "package_name": "com.maxys.maxysinventory"
        }
      },
      "oauth_client": [
        {
          "client_id": "885486603032-ub5pre5cr7mq5ak6iocvmk52dtua8ot9.apps.googleusercontent.com",
          "client_type": 1,
          "android_info": {
            "package_name": "com.maxys.maxysinventory",
            "certificate_hash": "35478c55be4aa7d34036ff8ff1dbac49d24bb0f4"
          }
        },
        {
          "client_id": "885486603032-j6b37m4v2q5j1ok3849cbi4glge5gpig.apps.googleusercontent.com",
          "client_type": 3
        }
      ],
      "api_key": [
        {
          "current_key": "AIzaSyDXAQKQLvO9E6yV9kuRWkSoCqjRRlnyWmo"
        }
      ],
      "services": {
        "analytics_service": {
          "status": 1
        },
        "appinvite_service": {
          "status": 2,
          "other_platform_oauth_client": [
            {
              "client_id": "885486603032-j6b37m4v2q5j1ok3849cbi4glge5gpig.apps.googleusercontent.com",
              "client_type": 3
            }
          ]
        },
        "ads_service": {
          "status": 2
        }
      }
    }
  ],
  "configuration_version": "1"
}